{"loss": [0.7171016335487366, 0.6456261277198792, 0.5710851550102234, 0.4788488745689392, 0.4512730538845062, 0.44862666726112366, 0.4124491512775421, 0.38370761275291443, 0.3303670585155487, 0.3404460847377777], "accuracy": [0.8081632852554321, 0.8272109031677246, 0.8598639369010925, 0.8877550959587097, 0.8918367624282837, 0.8918367624282837, 0.9020408391952515, 0.9122449159622192, 0.9292517304420471, 0.9176870584487915], "val_loss": [0.2514372766017914, 0.27148744463920593, 0.3092685341835022, 0.3084910213947296, 0.29686856269836426, 0.3041900396347046, 0.32828041911125183, 0.2661436200141907, 0.2801375389099121, 0.2882539927959442], "val_accuracy": [0.9156249761581421, 0.9125000238418579, 0.8968750238418579, 0.90625, 0.9125000238418579, 0.9312499761581421, 0.918749988079071, 0.9281250238418579, 0.9375, 0.925000011920929]}