{"loss": [0.6710148453712463, 0.5812747478485107, 0.5014713406562805, 0.4911104142665863, 0.4109998643398285, 0.4037458598613739, 0.38096997141838074, 0.38242262601852417, 0.33549627661705017, 0.32321056723594666], "accuracy": [0.8108843564987183, 0.8578231334686279, 0.878911554813385, 0.8721088171005249, 0.9040816426277161, 0.9129251837730408, 0.9163265228271484, 0.9074829816818237, 0.9265305995941162, 0.9360544085502625], "val_loss": [0.16999681293964386, 0.20814669132232666, 0.26446977257728577, 0.2564372420310974, 0.25818365812301636, 0.2557286322116852, 0.2679789364337921, 0.25274789333343506, 0.25593799352645874, 0.23304080963134766], "val_accuracy": [0.9593750238418579, 0.9468749761581421, 0.921875, 0.925000011920929, 0.934374988079071, 0.9281250238418579, 0.9281250238418579, 0.9375, 0.9312499761581421, 0.934374988079071]}